,A,B,C,D
2000-01-01,-1.6004931544473393,1.4401446665617632,1.334389348157249,-1.0747523780607717
2000-01-02,-1.9895496730419484,0.7675475654264167,2.131030084935841,-0.6348959162638823
2000-01-03,-2.3631457270558296,1.1346274836583905,0.330820969734255,0.027337209467948043
2000-01-04,-3.1672905569218823,1.763308473449304,-0.405218715549438,1.036595161495306
2000-01-05,-4.1807901662521765,1.326015525594542,-1.148641020008927,0.21767832942384757
2000-01-06,-5.015855268014461,3.2638101832035713,-0.3531865051333424,-0.12900489481614597
2000-01-07,-5.863051587055159,2.7199898249833536,0.33074136967976653,0.16202327725295596
2000-01-08,-6.650927365390885,2.981849210099899,-0.812326751018356,-0.2897898150720771
2000-01-09,-8.466692154854876,3.4754213683769266,-1.8326464265119384,-1.358302080742144
2000-01-10,-7.486557431390121,4.095987070048201,-2.7700035429506142,-0.9751837958642391
2000-01-11,-6.7123705857884115,6.980255428988887,-3.3125708473509916,0.7331929187084634
2000-01-12,-8.076766676566018,8.342316739582063,-3.458994837817502,0.9036279904592843
2000-01-13,-7.595047639165203,9.334564416423204,-4.297866012738572,0.47387409421668913
2000-01-14,-6.54675032797679,8.935109815868467,-3.0617298594812477,-1.2077042009861914
2000-01-15,-6.0737822218811255,9.39295367486684,-3.584868971256638,1.1021173326715434
2000-01-16,-7.368873083768978,9.565491018376653,-3.830084572887642,-0.030530499816108003
2000-01-17,-8.92797479839012,8.2951004099799,-3.576937599053161,-0.09317848311203981
2000-01-18,-9.076976069675084,9.960835393465,-3.7714813822835365,-0.34337020081120506
2000-01-19,-8.139715554916197,10.825700759623619,-5.1263440017894055,-0.37725186502257024
2000-01-20,-8.682069697833171,10.868005227139678,-5.000190783694289,-0.6147075459281475
2000-01-21,-8.875505678332845,10.189479538075597,-4.751004792163893,-0.04096147054159671
2000-01-22,-9.01732464725449,11.057159744560519,-5.238734970485367,-1.9517765901973445
2000-01-23,-9.252933700884597,10.102422056016074,-6.578594283502953,-2.4563009303777474
2000-01-24,-8.44950149715057,11.512117379814715,-6.331309874734491,-0.39555997137350873
2000-01-25,-8.507892120417887,10.867400378383216,-6.32772881119377,0.5134480841813885
2000-01-26,-7.8124771261525705,10.727879610441484,-6.534756587218513,0.899766088611504
2000-01-27,-6.760418596392893,11.11375445997384,-6.238785877784121,0.6144948231377318
2000-01-28,-6.276493256423506,11.480009545653907,-5.169499347266356,0.18402704170110207
2000-01-29,-6.265895057358009,12.923221821561024,-6.536562002435418,0.14128100005764024
2000-01-30,-6.6375844757976505,12.73095564002152,-5.653360182409812,-0.8814328732631133
2000-01-31,-5.42996764101295,13.966397035412628,-6.277712149562481,-0.7880905752118064
2000-02-01,-6.832754261501809,13.341274538245491,-5.845170339357951,-2.139439415612117
2000-02-02,-8.328440915904551,14.615892300122592,-6.8046254463630484,-2.576636438446322
2000-02-03,-8.077827275294213,14.48032891174982,-5.151852497314337,-2.8303057514266543
2000-02-04,-5.814002546254206,13.989484133322842,-5.678473632418154,-2.9793163156648634
2000-02-05,-7.247665610751915,13.70452646943415,-7.994760730775905,-3.8718501762969786
2000-02-06,-7.057300110310309,14.682242243975427,-7.441259696848078,-4.20625369864865
2000-02-07,-6.919798051158999,14.770661233466502,-5.765748715114685,-2.2633582263487995
2000-02-08,-5.247346681791992,15.836406806702106,-4.763593334273113,-3.0183046373894356
2000-02-09,-5.357261794155029,14.658575886264451,-5.69231103047084,-3.3876850684918463
2000-02-10,-4.450045338462843,15.588276862135995,-5.23822295163246,-2.8652800632754865
2000-02-11,-5.88537497558532,14.66145677380652,-6.610343006460068,-4.99935315510057
2000-02-12,-5.588163375002514,14.38144946115925,-7.335369923111804,-5.809708154096148
2000-02-13,-5.030108910720628,13.624327219840543,-8.420591203978194,-4.30834982795421
2000-02-14,-4.3609016145423665,13.18019863365925,-9.516570195639105,-3.624533120616668
2000-02-15,-4.157997329503169,14.17783233057737,-8.527458427498932,-3.1400480614937836
2000-02-16,-3.9925100562375992,13.622695164781039,-6.591971472516309,-4.701906582491354
2000-02-17,-4.313711656850439,13.806790556528735,-6.624828469793339,-6.3906057093559046
2000-02-18,-5.220209188887238,13.003238111399346,-7.666799671265094,-7.27120461084204
2000-02-19,-2.8158457049361565,14.129256135283937,-9.519819945650616,-6.301999268423158
2000-02-20,-2.0163714496958334,16.395553954555055,-10.685841987149812,-5.096995412467344
2000-02-21,-1.3472153802243736,15.894695284800214,-9.596605143776925,-4.790068011109785
2000-02-22,-0.35676069530923005,16.24570927649156,-9.638026057996578,-4.414558793789114
2000-02-23,-0.3393986934753198,16.588041224451153,-8.02717358738282,-6.251168729680963
2000-02-24,-0.1587588982597039,17.182745719409276,-7.526609825506697,-4.882092745551729
2000-02-25,-0.41826639250908476,15.195987842574164,-8.245184822382058,-3.4003803159398878
2000-02-26,-3.67947379007967,14.453240149999893,-8.74927811995831,-4.913158920120887
2000-02-27,-6.0108476781888225,16.95685813304227,-7.596208694445098,-4.4002946619843915
2000-02-28,-4.871092939335128,17.12043951245762,-7.3012292741410185,-4.493142854587606
2000-02-29,-5.710171093041492,17.461905819752396,-8.743711107434127,-5.4788349446875895
2000-03-01,-6.489549184875726,17.647788631176425,-6.712583234164914,-4.822770799418514
2000-03-02,-5.785350117615179,17.578620812488502,-6.327132588178041,-4.73294439445129
2000-03-03,-5.522402381231806,16.772288130399826,-6.955217779698347,-3.6379863078579184
2000-03-04,-4.695197876352499,14.02634640851053,-8.263422594022092,-3.966404101455929
2000-03-05,-3.4382958400598,16.216469925818654,-7.476474337753566,-4.461086444859899
2000-03-06,-5.111372706190908,17.595513124280835,-8.323668788254265,-4.971349126053809
2000-03-07,-4.540014937981231,17.06528033608845,-9.019701509014867,-5.139420111011934
2000-03-08,-4.134306637865963,16.43579332916276,-9.77975961772561,-3.769939284708319
2000-03-09,-3.5703039802199634,16.720442048306698,-9.998532273761965,-4.353127651418721
2000-03-10,-3.776438930387339,14.745701042835984,-10.086796086459458,-3.4844200049591674
2000-03-11,-3.189128817767966,13.99824684217983,-7.6379356274660175,-4.477283354432108
2000-03-12,-3.707410892371553,13.293065768516158,-9.176355781151294,-5.032513036096894
2000-03-13,-3.859523157585502,13.724259569806247,-8.709905234601656,-4.793886571928835
2000-03-14,-6.071902781096576,13.315531466368816,-8.51084053356752,-4.4862432114517645
2000-03-15,-4.960627215647315,15.672146828985479,-8.817526455734722,-4.889107428524849
2000-03-16,-5.332238184737946,16.54216702791079,-9.304940897125269,-4.831815039617954
2000-03-17,-4.880475274368062,17.530722047819474,-9.002981422353741,-4.042793111419834
2000-03-18,-6.263850598391626,16.846076758963168,-10.998359392853027,-4.911075121360919
2000-03-19,-6.303790316030724,18.084060253064692,-10.513805519113244,-4.976001956083929
2000-03-20,-3.361372694728458,16.808427662491205,-11.576693776342607,-5.397928333094377
2000-03-21,-3.4242593892203956,17.264155749436995,-11.24550127437531,-4.609608431255295
2000-03-22,-2.428024291187402,15.640940016873142,-10.296278951226773,-4.3694868517143
2000-03-23,-2.5835696249835722,16.789398577047514,-10.473009255520424,-5.231973072825109
2000-03-24,-2.3817313335284105,15.981257662615551,-9.885195872012138,-4.72417003401991
2000-03-25,-2.0627181717846987,16.748682276173092,-9.525538768386308,-4.674568683927705
2000-03-26,-4.102180897313556,17.83282234182989,-8.46167990814315,-5.072711463408749
2000-03-27,-4.486609082841239,17.24455740399889,-8.098122288195265,-2.873471427498373
2000-03-28,-4.333958624535362,17.708345512955873,-9.00349738530974,-2.046178844629154
2000-03-29,-5.4817852730817975,19.0651488665042,-8.157916637552594,-3.4059097269601217
2000-03-30,-4.798165742983313,18.56876521967344,-8.822846425585508,-5.4556948194727894
2000-03-31,-5.188607559188913,17.51171718531059,-9.61746037525246,-5.626767034187009
2000-04-01,-4.138496336610258,16.92375536207793,-7.294345503016231,-6.468227373599194
2000-04-02,-2.1290171001368883,17.505754997664294,-7.7401869442140425,-6.755814312205031
2000-04-03,-3.81684235069221,16.714930259348943,-8.012703673900514,-4.8863903886159585
2000-04-04,-4.507158967220875,17.44356463622586,-5.259845091196457,-7.070345204698123
2000-04-05,-4.455584510158631,17.84932357990604,-3.7829452230988667,-6.927814826785229
2000-04-06,-2.6009719419183863,16.184282128881417,-4.875330044079764,-5.255524191308614
2000-04-07,-1.8019320948527966,16.49358201658545,-4.565748813181672,-6.692628173497034
2000-04-08,-1.3023534067881049,15.67051840479454,-5.080335828251534,-6.148200234450425
2000-04-09,-2.7035777585779925,13.716663569995696,-4.295148367572164,-6.343303676483642
2000-04-10,-2.647822662321326,11.992046295612433,-2.625408462986469,-6.792070921574059
2000-04-11,-0.5578882153889126,11.860293606879289,-3.2405658067452205,-6.204324046557677
2000-04-12,-1.6197306919997008,11.475721532171045,-3.8456738823908614,-5.24736573747097
2000-04-13,-2.335009911215775,10.52900279996351,-4.349121750923645,-6.007272680518478
2000-04-14,-2.2728349264464236,11.105846239653845,-4.390973866746657,-5.702887089233426
2000-04-15,0.2251102581577693,12.65766806293593,-3.390285147015353,-6.373135620543219
2000-04-16,1.0926617967131134,12.832900673840486,-3.4436893095819054,-5.863192052286858
2000-04-17,0.11406075641030566,12.247828896036856,-2.8011429555688867,-5.430319749358589
2000-04-18,0.16928733164837548,11.190530792975045,-2.7616360647053946,-5.9609322237027405
2000-04-19,-0.652044444177308,9.717556412003987,-1.9918388542538175,-6.229760124788562
2000-04-20,-0.7194587031174299,11.58232306093902,-0.5800783667484146,-6.079227628498346
2000-04-21,0.04910188545392402,12.362728436522548,-1.191846064719647,-5.449182329658775
2000-04-22,0.4399371763869847,13.587113638159332,-0.11982061477812112,-5.876421222326974
2000-04-23,0.41044398167907586,14.054218727820828,-2.8425737244908653,-5.549558097684858
2000-04-24,1.1067884552173275,16.02901460018794,-2.7402592184404857,-4.847517355344515
2000-04-25,1.385904880291299,15.949865103611074,-2.599095402259017,-4.696872990195079
2000-04-26,2.260878762077448,15.378050738015613,-2.8906118935044818,-5.149153508864616
2000-04-27,2.212654637905326,13.827085382558135,-2.080734578280879,-5.120277502292962
2000-04-28,1.6792687520897212,14.481966091103502,-2.4537574003614413,-4.34964220854419
2000-04-29,2.066245881457565,13.046339897481422,-4.022128605674118,-4.280340415573829
2000-04-30,2.8115231067757143,14.330830675546485,-3.464085064136249,-5.735626816196573
2000-05-01,1.6751650305424588,14.390235525533223,-4.518856016992727,-5.689136750192278
2000-05-02,1.5092470146696904,13.338932586275796,-4.537492446818865,-3.8728509013424453
2000-05-03,1.7541592055978568,12.355934951254126,-3.5796626473783695,-4.595284669931745
2000-05-04,1.173239516015499,12.230448306377177,-3.3540438489689812,-5.561197052630146
2000-05-05,-0.7761052841690885,12.718937443431265,-1.564466969332799,-5.770734389995593
2000-05-06,-0.1753260190562349,12.509462544228933,-0.8001177623198863,-5.816196923823225
2000-05-07,-3.1612779611926327,11.763110588517279,-0.8827605153399656,-6.884842702977659
2000-05-08,-2.403771845435308,11.784820736658139,-0.4674775572160312,-4.968956804225241
2000-05-09,-2.5991298325494556,12.06532232853784,-1.3473731087402097,-5.61889181964327
2000-05-10,-3.9261836795655163,11.784754104763934,-0.8138651891279295,-5.889066568141592
2000-05-11,-3.09619902659555,12.964609994601046,-0.05400121132201263,-6.628178716631391
2000-05-12,-2.1968425809821497,14.507110820332045,1.0549056901197704,-8.12281460116487
2000-05-13,-1.831469752927564,15.570304347683704,0.9244821411064712,-8.260304423845678
2000-05-14,-3.0671560013977577,15.51098493817469,0.9444730747614632,-8.230084037520324
2000-05-15,-3.2516507967809796,14.607354723656249,0.17844362785519097,-7.968421651887601
2000-05-16,-3.667860358261413,15.078204586863782,1.4861911548998354,-7.511526998297053
2000-05-17,-2.8025380824591974,15.118424689477118,1.770890616060703,-7.2374488934906624
2000-05-18,-1.781879969392609,14.58448613189862,1.142576202857554,-9.182958553839155
2000-05-19,-0.7614517448707241,13.227251064600857,1.8259863315726057,-10.712468017594263
2000-05-20,-0.7605719680070803,12.26563347357011,1.262202571878274,-10.500365158969428
2000-05-21,-0.12105625209437543,10.552975273067192,1.490141775474088,-10.89913743593694
2000-05-22,-1.5248294745820965,11.003090498470971,0.13649556480072178,-9.562827692785804
2000-05-23,-0.1332891387834998,11.566464005395655,1.6117985923927252,-9.28635518343941
2000-05-24,1.2494781054597015,10.903218536082088,2.662525010243165,-8.001679228918498
2000-05-25,2.770008856983546,11.346835519474181,2.06119622521532,-8.409016072339154
2000-05-26,1.300907418140236,11.998390023544319,2.9715438501424094,-6.781130922232576
2000-05-27,2.162717288913025,12.374676517568309,2.6794855577650503,-6.258794341457225
2000-05-28,2.0089705010066337,12.285964981283445,2.598037861784511,-6.845131885268885
2000-05-29,1.4357702867488742,11.611384109616353,1.558963344974636,-6.202921524967444
2000-05-30,-0.20909109983198748,10.745203076064376,1.7539114227647696,-4.611126384287248
2000-05-31,-0.2763244954581602,10.471258718820824,0.03265945599286901,-4.625292823499899
2000-06-01,-2.788751849748617,10.766027826619757,-1.0896004430056456,-3.3229738675315375
2000-06-02,-2.263592561374006,11.496150153909406,-0.7499776352806862,-1.9082683087530046
2000-06-03,-4.037414162571478,12.788886576473782,-1.3103314273379112,-3.0188916478092427
2000-06-04,-4.763099445777552,12.467243381502737,-0.8250006655858529,-2.366072654385669
2000-06-05,-4.690445175347423,13.167839315366907,-0.6430144883062456,-4.755498212252919
2000-06-06,-4.129209964417769,12.952556901164442,-0.2367030705102876,-3.9867430964980044
2000-06-07,-4.948846159628901,11.789666424696449,-0.5309895210565081,-4.2252964403457085
2000-06-08,-5.854959698727894,10.890946473596602,0.26142052806422955,-4.043572331024372
2000-06-09,-5.494701166416534,12.247118261727445,-0.604762623083222,-3.54754905898326
2000-06-10,-5.781734240391241,10.751359195825263,-2.1578955684751784,-3.1919495023262954
2000-06-11,-5.633105194215337,8.827381469437901,-1.2293383230027175,-2.774051267303691
2000-06-12,-4.293634724510108,7.557571906745004,-0.028895333174866922,-2.6664544571760964
2000-06-13,-5.695440794330907,8.889056678869016,0.18061575609720495,-1.9786063141889332
2000-06-14,-5.957333547826104,6.98884476035931,0.2031522569449734,-1.676007774278213
2000-06-15,-8.00662009091763,7.825857131925433,0.8339281917419258,-2.438987523538176
2000-06-16,-8.221475463381182,9.249150439718388,1.542768282117399,-2.877242561436102
2000-06-17,-8.403220438758362,9.186651184148744,2.601308517078426,-2.9837321923164475
2000-06-18,-10.533622332605349,9.46643288402661,3.749686976751172,-2.418902972467129
2000-06-19,-11.469043942552105,10.47977848566494,4.072550400246084,-1.5585310706350095
2000-06-20,-10.886906290936908,10.292228600174877,2.98006822304846,-1.0927437313946753
2000-06-21,-10.060136675663262,8.812510170282525,3.6344709038012746,-2.2844628826418987
2000-06-22,-10.27420002129139,7.264839458215905,5.466988550870707,-1.9549188779099387
2000-06-23,-10.404118971142015,6.936412986901164,4.328253560396895,-2.3097001498141614
2000-06-24,-9.440699857695417,5.901072574926523,5.289430392992587,-1.9669316663301415
2000-06-25,-9.57643902387917,5.317059188430919,4.551716853773764,-1.7609779422807883
2000-06-26,-8.602621971023671,6.813067082696913,4.8588476391859645,-1.8264431268542305
2000-06-27,-7.132398658682167,4.7955831850182165,4.80565002081784,-2.4548701567652484
2000-06-28,-6.697488903847584,3.595299143807387,3.859422469804161,-3.6663721319412463
2000-06-29,-7.247663483511906,3.2147792297593725,4.543366809540837,-2.856255162662814
2000-06-30,-7.446837392660566,4.331133555161216,4.168280022549062,-1.8743919312034232
2000-07-01,-8.347617514348922,2.830812943035047,3.6101759645524165,-2.917087882617591
2000-07-02,-9.598117284173183,2.993689231157922,3.2412552114180944,-3.101059662377522
2000-07-03,-10.180849391154807,5.078852386848622,2.0672278019398505,-3.5827314918718542
2000-07-04,-11.166525966092221,3.7229069888100637,3.789508706975985,-3.8060733327069878
2000-07-05,-10.349485282971504,4.178301413696031,4.596495895549804,-1.8457413452664133
2000-07-06,-12.37468433486117,2.8713796837854635,4.795412970772487,-0.8756158963472608
2000-07-07,-12.642233417845292,1.8175519344731956,4.401784712807273,-1.0626103015957553
2000-07-08,-11.45329115589866,1.233822276636709,4.895137300525863,-1.8986095047419482
2000-07-09,-12.09650960560818,1.2023075859817904,3.3815424287376237,-2.6044786862571336
2000-07-10,-10.777184857843679,3.11019554372331,3.070926428888695,-1.6149791476093784
2000-07-11,-11.097177331949528,5.113146845416697,2.1942252493596897,-3.205297874833727
2000-07-12,-12.340791205436714,5.16935806816472,1.266490828426229,-3.2529136349309358
2000-07-13,-11.767424072642768,4.271563120253292,0.45854756710709954,-1.2813845150865855
2000-07-14,-12.665114674389548,3.5769350140671463,0.01921050996303414,-0.518644115160255
2000-07-15,-10.5716511191284,2.5179076770314865,-0.6772375610160963,-0.32630099047135847
2000-07-16,-11.239096965345412,1.5472686402548952,0.7086371031331611,-0.6516950039015943
2000-07-17,-10.803902398670841,0.42157601965556957,0.8829871649534562,-1.3074524469563844
2000-07-18,-9.915699234617826,-0.41532574779761255,1.834479015142065,-4.099311639155413
2000-07-19,-10.261028836297024,1.4664125038988032,2.4359092033229137,-4.566604377650591
2000-07-20,-10.31372277505356,1.5668098120285128,2.2803655166249395,-4.900514770977427
2000-07-21,-10.001459773002182,1.9374497281034824,2.1744401273637455,-4.734104220618163
2000-07-22,-10.809373192267916,2.1063759032751093,2.349028453106726,-5.638701575964761
2000-07-23,-10.451916232629113,0.8637305044407637,2.1277008976098584,-7.009147878749106
2000-07-24,-10.670276243119094,1.7461375958967258,1.7161795227934598,-8.121904052619781
2000-07-25,-9.693953704794462,2.7885841964204596,1.138580413467123,-9.272873291156415
2000-07-26,-8.019908206228276,1.6942721531511804,0.06304969232370605,-9.231086713763034
2000-07-27,-6.251042416205163,2.6534833927448593,0.5422080911912657,-11.101279310693707
2000-07-28,-3.4310593118400217,2.00626329812839,0.40250337562407923,-11.31709424857706
2000-07-29,-4.636310961636288,2.148214861436024,-0.5072634008248331,-13.231960717770288
2000-07-30,-4.24058660372707,3.5468182496246152,1.4110468416133912,-12.949573244367828
2000-07-31,-5.829559094830118,4.07199666596777,1.5600260279606442,-12.176064905735489
2000-08-01,-6.5699262594015515,3.9009061127176015,3.032558060346995,-12.377366486887809
2000-08-02,-7.0993465646119605,5.178340889897156,3.1489068324873166,-11.752716215821996
2000-08-03,-6.427388789896485,6.226433378782753,3.722639420111646,-12.806482292598078
2000-08-04,-7.279700155637752,7.265144683156905,2.246780913997224,-12.627695276785085
2000-08-05,-8.55600269401526,5.017758145803379,0.31443109297100746,-11.827312497535914
2000-08-06,-9.480683414714642,4.978697582279318,1.1421040157933025,-13.611843646255963
2000-08-07,-11.1334495105991,4.880329912180416,0.21240289983038996,-13.985073815495815
2000-08-08,-9.793415542042055,4.875571587819698,0.22810632726432611,-14.879469218436155
2000-08-09,-11.344018799868941,3.1168997382319956,0.7312470531836293,-13.814179155705842
2000-08-10,-11.554908489448856,3.585705747784182,0.4514357210670199,-14.379140657945165
2000-08-11,-12.857510108180373,4.5989670833750145,-0.7709299970477232,-13.47564741297534
2000-08-12,-12.008248275582863,5.352393510146101,0.08330905646892006,-12.631112031280104
2000-08-13,-11.513168792006983,5.234026066478098,-0.5646187982015229,-13.35316698184689
2000-08-14,-12.62184620063853,8.003430889009245,-1.5351310835020993,-12.294019733627227
2000-08-15,-14.067464643848874,9.872593732120402,-0.061087525987525204,-12.42764002614595
2000-08-16,-12.735788518626844,8.319634316719744,0.08892155376275804,-11.544544914341897
2000-08-17,-13.34542995189965,8.431393238295728,0.41245600999160004,-10.297321919382012
2000-08-18,-13.223805669897144,8.63973411056934,0.042616549252023295,-11.300279036096528
2000-08-19,-13.078715081190033,7.490111181763433,-1.5672024664554454,-12.273765239628055
2000-08-20,-12.478372025154691,8.89716848755369,-1.6992269411361276,-12.82059071105588
2000-08-21,-13.109108573397258,8.384495762835543,-1.8870161609258678,-13.287172958393413
2000-08-22,-13.73125409273106,7.914691905181829,-1.489365754343564,-13.155657291642452
2000-08-23,-13.589235469570077,8.372658308390964,-1.9348029764606538,-13.617407286424143
2000-08-24,-13.114496499961596,8.029212610381107,-1.5103907919290418,-12.82580082336926
2000-08-25,-13.6238622249328,9.578896233790696,-0.9963481688777951,-13.802193351202181
2000-08-26,-11.927363339765288,7.608243239204482,-1.6084047389121514,-13.60904716729993
2000-08-27,-12.025902437241722,8.106095588085983,-1.5858680610814215,-15.140702564955136
2000-08-28,-11.298601375474934,8.713493515045323,-0.5526670942107548,-14.982820633831919
2000-08-29,-10.546061503932457,9.694566028965442,-0.7390355737438398,-15.552900056296545
2000-08-30,-11.51194695056016,8.76182367738927,-0.4651872247205029,-14.873504530833184
2000-08-31,-11.877146264647335,8.737573114175214,-0.3922172507047873,-15.247244828093402
2000-09-01,-11.535096761720986,8.615014745414538,0.14019876248031993,-14.888213877010543
2000-09-02,-11.716642581760414,9.501606533145301,0.6564575813370934,-14.705251437429245
2000-09-03,-12.04546511668914,8.953125623950283,-0.3002506205096551,-14.358335024900512
2000-09-04,-13.67846788694776,8.139449532776666,1.1298227553855693,-15.06050456619798
2000-09-05,-13.309068698503205,8.603598468024222,2.3089047424218916,-16.224390218496985
2000-09-06,-13.1097099695,7.587191785895299,2.3324790090242473,-15.420307922240688
2000-09-07,-13.299991136201534,6.602755935791418,2.3171861576450508,-14.965307428800877
2000-09-08,-13.398373466832899,6.714870280332995,2.358337239573352,-13.382867396544736
2000-09-09,-11.562271507118849,6.791198049696368,2.9403249368867805,-13.548551847732151
2000-09-10,-11.902531823787614,6.446483555330721,3.466958813287824,-13.307771256269147
2000-09-11,-11.530453431660852,6.349657177928563,4.547723299365233,-13.58571118690241
2000-09-12,-10.738007588286894,5.041637461730092,3.4539428549260176,-14.166678690199923
2000-09-13,-9.715424984381249,5.372284607722027,3.9495426872109762,-14.704429485472717
2000-09-14,-9.540038441780762,5.027332076083884,2.6858394067176983,-16.489314332243367
2000-09-15,-9.65018116017586,5.3550444349694235,1.2704996444383077,-16.084950830021466
2000-09-16,-8.675609698698555,5.650027615813176,2.6076951632625636,-16.6927435549616
2000-09-17,-8.776214508306426,5.003262774768482,2.8624568690639425,-18.03233699641274
2000-09-18,-9.82049305843642,4.670297055561543,3.761399493603603,-16.27239225885736
2000-09-19,-8.479435599446777,3.969549426981824,5.172045399813993,-15.452504665155752
2000-09-20,-8.56797886729256,4.172452672402603,6.5766536436213805,-14.824094893404428
2000-09-21,-10.924585700006034,3.9819018230364063,8.16248245958506,-15.855172470959008
2000-09-22,-10.31277389639638,3.6221784705818627,8.408609172976444,-15.425263739154268
2000-09-23,-10.64557020992932,2.7312280660589225,8.729823694587122,-16.826159662658327
2000-09-24,-9.794323023108634,1.872196053695664,9.846430123262646,-17.641324169373526
2000-09-25,-9.607451074339984,3.4564617196583782,11.091788069042115,-16.966029249435426
2000-09-26,-7.674765319618943,2.1268389089894755,11.085264504588558,-16.597399856209787
2000-09-27,-6.482524320142269,3.3739371176675004,11.280567547678409,-17.155355112209158
2000-09-28,-4.907323849170757,5.165942373172298,12.801375512669505,-16.34677699094093
2000-09-29,-4.794555487077199,5.399311482734336,15.132899550583721,-16.074783999938155
2000-09-30,-4.273531613023591,4.267243188989306,17.14855033572574,-15.1300698932602
2000-10-01,-4.543808825220166,5.2960380198087575,17.983568766739538,-14.942409302400463
2000-10-02,-4.527646882506015,5.460615867544136,18.667204190168857,-15.855505835291677
2000-10-03,-4.704627180950682,4.868142968156425,20.160756956569774,-15.800660770643068
2000-10-04,-5.03152734216509,6.4819443999962605,20.069887024591857,-16.963549964375687
2000-10-05,-4.782219757218095,6.292307211170645,20.61163739004629,-18.0246122013475
2000-10-06,-6.447252911129261,6.561033126203115,20.318184043319324,-16.962109209670615
2000-10-07,-6.512166213710543,7.062114309502183,20.032386372721984,-15.53277813130946
2000-10-08,-6.64393722704137,8.035374634566283,19.16939986268875,-15.486247915531925
2000-10-09,-6.270931020560054,9.075346665631049,17.132401335376787,-14.856423810178018
2000-10-10,-5.921901200474163,7.655717277479959,16.85088544972767,-16.594976035569484
2000-10-11,-5.219029298351278,7.685093362556872,17.042459288911918,-16.97220206236347
2000-10-12,-3.1527830453024888,8.217325512654526,16.61954040913271,-18.54508714470899
2000-10-13,-2.571821654611467,6.965749952792894,15.54146690808862,-19.582108555797998
2000-10-14,-3.120209231002643,5.635617726118963,17.503757149741656,-21.44717687639975
2000-10-15,-3.5480835733444147,3.971920617911241,18.36421123969126,-22.631638248910654
2000-10-16,-3.201275157188746,4.897639401518665,18.229516949348366,-22.864423801831514
2000-10-17,-4.76602754073206,4.53945441319053,19.01017388796898,-21.875782790299393
2000-10-18,-5.318858763081819,4.767227778367302,20.218201998136546,-20.68836991742871
2000-10-19,-5.988519940481799,4.2059373049625535,20.59846919580236,-21.372791727522163
2000-10-20,-6.533142526011454,5.3904930168909795,20.216511844268172,-21.263292570787442
2000-10-21,-7.517476898328203,6.124208529186641,19.48408038093516,-18.61041860323145
2000-10-22,-7.94832507959511,6.625254263250612,19.170886359407675,-19.320492190595875
2000-10-23,-9.232652289577093,7.653407731130619,18.925841587025364,-18.37385272358261
2000-10-24,-7.787097626042244,8.195471794926306,18.457986315111345,-18.051263125339347
2000-10-25,-8.877588078400908,9.84661504557375,19.95532641297151,-16.493939114120728
2000-10-26,-7.849029880221385,12.074145940118878,19.64391473699572,-17.383595942261948
2000-10-27,-9.23882505705109,11.134567430014195,20.147523944189853,-18.151351452451884
2000-10-28,-10.231430274403479,12.169298866491843,20.048526461162282,-18.342853930898002
2000-10-29,-9.433521059565637,11.955809453028326,21.001027994879102,-17.222677789864516
2000-10-30,-8.820663633543106,13.231625606599529,19.452380069916643,-17.582006699067435
2000-10-31,-7.29889659297821,14.85745365209428,17.09324290191356,-16.769936196532896
2000-11-01,-6.547174977549403,15.761042500896364,14.815766134536723,-18.476125387791253
2000-11-02,-7.654021966661887,16.39308737126482,13.823230941739872,-19.620301057809215
2000-11-03,-8.584768346099326,16.71877627756343,15.547775006454781,-19.011280336363853
2000-11-04,-8.124010022284132,14.443838952531163,15.525800963000748,-19.48419109987234
2000-11-05,-7.768502807054605,14.256417666615514,14.795910935784361,-19.376254944074358
2000-11-06,-7.889207376746296,13.160699880947217,14.129860928145868,-20.467226366161874
2000-11-07,-7.7089923609041735,13.825884331054093,13.420604646048796,-21.088394197517953
2000-11-08,-6.9253910412427615,14.069206516403716,14.855229215816957,-21.818383469629637
2000-11-09,-7.587553640872507,13.547954091435791,15.1872874124273,-23.430134073405984
2000-11-10,-8.1209775305369,13.53078859799112,15.72556679655979,-22.742497568076317
2000-11-11,-6.568411468197931,14.306675392051314,16.65177510914733,-22.12814686113495
2000-11-12,-6.441952887012513,14.697777475638208,18.221147125221105,-19.83511492994907
2000-11-13,-7.649551650468121,15.48660035155551,17.85840616362674,-20.829669855505063
2000-11-14,-6.927898542912438,15.586215173608805,17.848094410439906,-22.301693363319387
2000-11-15,-7.34021945172861,15.341742990012143,18.280176170787843,-23.78761628243463
2000-11-16,-6.9755519443119605,15.820332256804297,17.493316557324473,-23.590278919070265
2000-11-17,-6.194937153529892,15.80295169761343,18.24361877571228,-23.282828662784933
2000-11-18,-6.757910039968636,15.52173595822921,20.000807141286764,-23.721322153828524
2000-11-19,-6.656298882360109,14.261945016970099,19.969270214040947,-25.062233837025843
2000-11-20,-6.333116607783972,14.679092188209442,17.884097000827147,-26.59293447852844
2000-11-21,-6.073486951934736,14.3882171098327,16.867637259840457,-26.57226951417804
2000-11-22,-5.55895538879032,13.08504069401315,17.0609809498795,-26.533690123926572
2000-11-23,-2.9805668215115713,13.127815413923871,16.356860166939914,-27.550958857030142
2000-11-24,-4.490875736299703,13.343106145180826,16.83678565579741,-26.740469766027356
2000-11-25,-5.216627991832903,13.580738792999302,16.35752567407739,-26.344496028967875
2000-11-26,-6.253458465576062,14.833460289297957,15.451921824350624,-26.812470955996268
2000-11-27,-7.037819514841594,13.592573751392495,15.02850111270488,-28.698413872980147
2000-11-28,-6.993796702679524,12.356080634543728,13.372031659713034,-29.7647782669152
2000-11-29,-5.652527754033723,12.357266460330699,12.172296007497474,-29.230796790249954
2000-11-30,-6.495909499354781,13.521378351541214,12.48590324597444,-30.22021957011704
2000-12-01,-7.872733520396389,14.354184232381705,12.409180874350652,-29.344996226628048
2000-12-02,-7.7244470717681235,13.586328545486875,13.208919490173722,-30.8695325565994
2000-12-03,-6.63051013407428,14.718535950902945,11.913819710809626,-29.80995266730863
2000-12-04,-7.257511508879102,13.419544188020975,13.304723451751581,-30.167640811601764
2000-12-05,-7.42534212054874,13.072263751568586,13.006159069197778,-29.6874131957739
2000-12-06,-8.354378982287185,13.351897365152281,11.700811224271533,-29.020067499174996
2000-12-07,-8.934504806310317,13.332169062553284,10.320793510668473,-28.387977676014152
2000-12-08,-9.983591619808188,12.939588490198162,10.34225225663395,-26.127577300794528
2000-12-09,-8.242816389651976,10.737820405324863,11.547088694374327,-26.569477207433803
2000-12-10,-9.490267177339843,12.284750153504413,10.851704618089723,-27.46901315217204
2000-12-11,-9.320239196297594,10.943375764800585,12.324191363229795,-29.064380792054532
2000-12-12,-8.9332032847533,11.060505960320334,13.52998982553823,-28.54357833294767
2000-12-13,-8.135654161183615,11.444415484856357,14.0278515294039,-27.023485711533827
2000-12-14,-8.518380902837103,11.31542899242325,13.547867251869121,-24.768650344127437
2000-12-15,-7.130986347503239,9.415126030788743,14.357373577618283,-25.439969279577056
2000-12-16,-6.283686716510696,7.9857304058670895,14.378025874628374,-25.39406217500978
2000-12-17,-7.201987968760312,6.816453045891451,15.927346271162927,-24.240284218838532
2000-12-18,-7.357359024024326,9.32836102088923,17.224905746435567,-24.405506476246508
2000-12-19,-7.595590886576636,11.134362263063226,17.02389258968033,-23.940382339641992
2000-12-20,-9.342944920209332,12.32700832451949,18.200575663973307,-22.82982054650996
2000-12-21,-8.11779304471164,12.008006211608397,17.565286849452217,-22.71257918131163
2000-12-22,-7.72093607267705,11.101339304882856,19.629905476310977,-21.54462680367613
2000-12-23,-7.573741956194939,11.379479492001062,18.469320107775825,-21.792956686177156
2000-12-24,-6.55745997808891,11.859640455164422,18.27560085275488,-22.561782957449825
2000-12-25,-6.068504229118484,11.83689167770893,17.746757702913715,-22.079453665840965
2000-12-26,-4.877459037176922,12.905684006439548,18.45538055587143,-22.661625685830586
2000-12-27,-4.935755826334853,13.771493411549937,18.998771660363946,-24.168618461540404
2000-12-28,-4.058622306536181,14.921262931890807,16.174117700150703,-26.4177432579108
2000-12-29,-3.0701363855036297,13.63803847539596,14.732639110123616,-26.50258870888447
2000-12-30,-3.973753544130619,11.933668765353774,15.196907989838598,-27.97076015669232
2000-12-31,-4.4421544322372934,12.90364718190064,15.618324548741057,-28.78104908337449
2001-01-01,-4.771245532605971,13.698907870222666,14.826135457525712,-27.628623583229892
2001-01-02,-3.874864933251364,15.716900574841727,17.443730972366872,-29.341124233505763
2001-01-03,-4.272926519189086,15.613284011471412,15.833051819229244,-27.30952974200599
2001-01-04,-3.963997576340925,12.03258435441109,15.89531312584874,-27.015573588582015
2001-01-05,-2.5827084261841446,12.051836481161747,15.884139234585312,-28.214738571440435
2001-01-06,-2.832616470750672,12.601204844556301,15.884234195874475,-27.98424741118442
2001-01-07,-1.8737048116867872,13.25779097608069,17.68849187646271,-27.060220228328
2001-01-08,-1.9022066294555027,11.562927347965797,18.40430313436777,-28.619592329683176
2001-01-09,-2.362826628915868,11.400660558472936,19.50199055516635,-29.103869781236554
2001-01-10,-3.1990220332383523,12.665693002288677,19.259207031505976,-28.797558441768043
2001-01-11,-2.794016955075497,13.175543605016001,20.080814850903373,-29.271910932147843
2001-01-12,-3.990196320685631,13.681429704415496,18.605055368518784,-29.066555222406972
2001-01-13,-5.7968953720366105,13.396947660973552,18.3309219183213,-29.80995974187958
2001-01-14,-6.605311884679041,14.328054847933792,16.759922493895726,-30.12600783767469
2001-01-15,-8.291170359190712,14.252628625641668,18.142823595272638,-30.841116327885583
2001-01-16,-11.36939682717689,13.98564865559712,19.652309888351343,-32.63439063857132
2001-01-17,-11.158898040714055,13.195646984196351,18.292367733138335,-32.43276334984358
2001-01-18,-9.649991558794191,14.208341156184574,19.31555987499165,-31.812743738048095
2001-01-19,-11.528413682301,13.696929215706717,17.74498640321858,-32.63341294851592
2001-01-20,-12.205672568438434,12.929145785262023,17.164085588007033,-33.14323766690038
2001-01-21,-12.790539061924006,13.140988467821067,15.442963362126786,-33.34173948093527
2001-01-22,-13.76111126311617,12.748850891293724,14.534309065844655,-33.74684958900481
2001-01-23,-13.417132044301948,13.104145121096376,13.9611442858101,-33.727355157312005
2001-01-24,-12.625658518585148,13.654150031613772,14.82397202111184,-33.06197591327424
2001-01-25,-11.808380346470061,14.834970995524653,13.069580145663954,-32.649699682821435
2001-01-26,-12.550294971554587,15.317981174778716,12.347123798321375,-32.11743088781438
2001-01-27,-12.673858776886599,14.795578922858839,12.290166394935568,-31.695798855700165
2001-01-28,-14.208952906134067,16.043745259672463,12.024202910376811,-32.94028289980045
2001-01-29,-14.345345248027526,18.539504952681476,11.838273812032583,-31.356953866285785
2001-01-30,-14.030705472978719,19.690527595271405,12.391882704963647,-31.075917314662178
2001-01-31,-14.095453553129998,20.16361856461572,12.365300948458229,-33.39712457319581
2001-02-01,-15.717499200518473,19.46868951850448,12.788490058721695,-32.37069547059228
2001-02-02,-16.962551694286052,18.393787443931505,13.227982742858753,-33.347319448952284
2001-02-03,-16.817724167381318,19.796202604256766,13.989220751210413,-33.92980877103535
2001-02-04,-15.691940304752618,19.602168951909007,14.315284337458305,-34.60682327237872
2001-02-05,-15.499011374859199,20.22805598074818,13.640724366220928,-32.506512615697176
2001-02-06,-14.225441115292021,20.169998459684,14.623384342458673,-31.956510177834275
2001-02-07,-13.72861398546843,20.799198744362794,16.452967199932505,-31.119602174065523
2001-02-08,-14.19193251204976,20.01389684323078,16.51502938742572,-30.481058183593717
2001-02-09,-14.100139826988004,20.053907191210033,17.9423137397952,-31.51245583248642
2001-02-10,-13.43131157587952,21.82300385416081,16.353596402743854,-31.238627561091057
2001-02-11,-12.950711962515538,22.176884887458964,18.377703741598218,-32.52587595646618
2001-02-12,-12.110335796114075,23.648019224913604,18.30268726642046,-31.88346532132035
2001-02-13,-12.548134644883337,24.19613523657533,18.573396436922987,-32.78155548773072
2001-02-14,-12.24410932998806,25.17885763843967,19.08012396386927,-33.01360722073445
2001-02-15,-10.50375111779051,25.325166414584423,19.94628455530107,-32.78471981795208
2001-02-16,-12.109590544220511,25.246608977556377,21.867610908714614,-32.523453481025804
2001-02-17,-12.898817149607845,25.72664879531384,22.138933966659394,-33.31011338339544
2001-02-18,-14.153968514091604,26.434363923802046,22.156109750646255,-34.362414120089376
2001-02-19,-13.168174360927061,24.560764490699942,23.386172229625473,-33.29336401141362
2001-02-20,-13.085567655937972,22.837723875515536,22.982763006969293,-31.603279707993106
2001-02-21,-11.825433263680512,22.95986229970649,23.700610713412527,-31.75293107687366
2001-02-22,-11.50086872429999,21.0098038802634,23.223100808753056,-30.964244047443348
2001-02-23,-11.966317583196915,21.17798262176877,21.008712899464275,-31.74476410701574
2001-02-24,-12.431205747881096,21.24223128452681,21.483850110613385,-31.759256899579945
2001-02-25,-11.13770109025457,21.029357992958992,21.654231156617357,-31.00668407954365
2001-02-26,-11.40831060901595,23.0045952253079,23.212891459586714,-31.51270737533018
2001-02-27,-10.53443630152189,21.57107795372792,21.210144874584273,-31.65780994760829
2001-02-28,-10.851795180586734,22.672295947827624,20.649707864493475,-31.69005460725799
2001-03-01,-9.002373881015068,21.973651799952048,19.148509421919307,-32.67307917358012
2001-03-02,-7.386427891404273,21.491711334492262,18.360093863017404,-32.7953718957184
2001-03-03,-7.0607205311831285,19.725202069999018,20.07678180791006,-32.065136762247974
2001-03-04,-7.4015600515613045,20.309293296807528,22.341228268371456,-33.09603437534927
2001-03-05,-7.270171924793686,19.21457174833453,23.461960956697965,-32.598111438955605
2001-03-06,-8.120579777671418,19.05108013445412,23.590820903048996,-33.67353943276318
2001-03-07,-8.129472886851705,18.969903730271863,23.562440156351457,-32.836976694734936
2001-03-08,-7.806714653390676,18.932892349861092,23.60310628561429,-33.72954595305602
2001-03-09,-7.703159099494431,19.076105393044607,22.779603610849044,-34.43545142647211
2001-03-10,-6.746876792344498,20.50863355023505,20.698616921061515,-33.197956644332535
2001-03-11,-7.050066822317935,19.984287330256514,18.79579258443629,-33.762886427413754
2001-03-12,-7.908505688769534,20.303984458220786,17.34555677548824,-34.8835775423416
2001-03-13,-7.787009607372018,18.677048704658333,14.768002653703764,-35.04699496835279
2001-03-14,-8.055333522596104,18.430177410990215,14.94091713176425,-35.69547129264486
2001-03-15,-7.088311675016568,15.868190298713932,14.289939117696997,-35.938472085126335
2001-03-16,-6.2047828633132935,15.308424801606659,15.977693297074772,-35.454218887267764
2001-03-17,-6.846100912294988,16.812318690234527,15.687977639882972,-35.59684078584964
2001-03-18,-7.263336815358167,17.840327099226503,15.351675701963716,-35.508608023694485
2001-03-19,-7.302309415513582,16.753181671676344,15.486721118111232,-35.84860839869593
2001-03-20,-6.921310248506104,18.155165073257606,15.60950596053093,-36.66073779202397
2001-03-21,-5.932986636109989,19.539343998175923,13.964395244456147,-37.90554579604049
2001-03-22,-4.85028582463928,19.83687635219438,13.98250502844927,-36.74775770218155
2001-03-23,-5.430848700375279,18.804367147001173,12.152624924272478,-36.56324957201228
2001-03-24,-3.9361878289204633,19.165966510385864,11.424633074104126,-35.165153184525956
2001-03-25,-2.406903134363337,18.353120038262396,13.992371606543749,-35.309225404888075
2001-03-26,-3.026894994360582,19.371085164465065,13.123243777504232,-34.37424351448612
2001-03-27,-1.7044842978975923,18.999298275622625,12.727344099077571,-35.49473384461521
2001-03-28,-1.1629945189979418,18.68165273652237,12.848366533983103,-35.4838689240157
2001-03-29,-0.4960245882916223,17.518647956358265,15.885793337535137,-35.05349165613943
2001-03-30,-0.6705756240025411,18.95697098996281,15.31242287120361,-33.05578384232523
2001-03-31,-0.4396771568163741,18.997178109173014,15.479584354731996,-34.793513278973975
2001-04-01,-1.5885409827033312,22.021144232620937,15.721874933171998,-36.422046977815654
2001-04-02,-1.112527531743863,21.310576263903553,16.871553328645476,-37.02834098586166
2001-04-03,-0.9190781816673511,22.225310179696123,16.26352955892857,-37.17490142779763
2001-04-04,-0.30350525845877063,21.87416802807247,16.443644579322406,-37.12142179332667
2001-04-05,-0.08099885879762436,20.694916877028007,16.003010804593607,-35.73503456325305
2001-04-06,1.3138038575398996,20.355734251461175,14.74977293129362,-34.64326640835159
2001-04-07,1.2514054762527356,19.947584167776323,14.589129789628565,-34.01914548967741
2001-04-08,1.6243808354521077,20.784603543243996,15.967932739504128,-32.633707873488376
2001-04-09,-0.12853652311396768,21.103325175257535,15.833168488474206,-30.388329562042067
2001-04-10,-0.14536825268402015,20.72366798375811,16.205059671019242,-30.06616235309167
2001-04-11,-0.7101920912957722,20.901602613899442,16.513660572086906,-28.235265443263884
2001-04-12,-0.8640376971527006,20.65210822131457,16.6117702305896,-27.975601087678587
2001-04-13,0.17354338615453435,21.863366469281093,17.302894633517553,-27.46059255562253
2001-04-14,-0.26440309019758723,22.040894889017252,16.49311587389019,-27.207506526157324
2001-04-15,-1.2073870195070484,21.534558560811508,16.04218826953927,-27.98599900849966
2001-04-16,-1.2160810507490272,20.155269466070553,18.210453024878074,-26.466382123806277
2001-04-17,-2.147353525133522,20.163097210843187,18.578563243418788,-26.835866084829174
2001-04-18,-0.42108413499558517,19.93789105958863,18.474973675398253,-26.006903706120305
2001-04-19,0.11207680168594314,21.532510833123272,18.76392423584698,-25.09185902250825
2001-04-20,-0.7433170667757724,19.788191932557698,19.33623171223343,-25.927813558363795
2001-04-21,0.6499732814802853,20.97463640574698,20.956793367014853,-26.455270058581345
2001-04-22,-0.16892435556589347,21.482505270781413,22.35420877001004,-26.607672550176947
2001-04-23,-0.3711601311011615,22.13025172323679,22.957690395938904,-26.65408251848409
2001-04-24,-1.9299418143030667,23.048789793592235,22.598896582735737,-26.864085086135844
2001-04-25,-0.12028428900788168,24.183345356761436,24.499130194345295,-28.194290940221993
2001-04-26,-1.6042906546444806,25.73161320681712,26.20289535791288,-28.823095578842096
2001-04-27,-1.4386336349913942,25.982553985448586,25.971065746810055,-30.083419125788236
2001-04-28,-1.442755216544811,24.343538463710114,26.01707651071195,-30.33109673144905
2001-04-29,-1.354968926120027,23.865896504695144,25.166752871741345,-29.905691536651226
2001-04-30,-2.197727319003884,24.44861181476404,23.454097648692,-29.786960660303485
2001-05-01,-2.1456939115284936,26.050811379314986,25.26998200962599,-29.94173068384659
2001-05-02,-0.9156122069701724,27.530259549772698,23.116650817047763,-29.028498422407072
2001-05-03,-1.309123552750886,27.772653017411915,24.25691559359481,-27.513453970425363
2001-05-04,-2.0180061040932027,26.323323658631963,23.07662732286785,-27.15807844857179
2001-05-05,-1.0856780181147312,27.397713690813163,23.734125287927345,-27.961477594920627
2001-05-06,-0.2858336148243392,30.006230977382508,24.806287030310724,-28.25966728224042
2001-05-07,1.2559362063792026,30.683369848698483,25.794864575894703,-26.631379871267573
2001-05-08,0.1738524859120807,29.014899563001805,24.510693561960007,-26.923399508305074
2001-05-09,2.1901401840320815,28.508640507950616,24.228275674184058,-26.434522679541107
2001-05-10,1.678123097120542,29.05547855431,25.438460291353135,-26.747363542994723
2001-05-11,1.6765778643019655,28.457458666759955,26.463306068174646,-26.378274118917435
2001-05-12,1.5568718889475075,27.276012037503484,26.058019587574634,-27.51089139823982
2001-05-13,1.6714466091888742,28.254884801976846,26.29525946991047,-27.012906712062627
2001-05-14,1.1698306529777787,26.985543437788785,28.086091403520527,-27.57373540711959
2001-05-15,0.20334511338735728,27.737644084258175,28.13398106622616,-28.3946427136803
2001-05-16,-0.579717846860743,27.07474963755181,27.844694762291788,-29.19545291487676
2001-05-17,-0.5940716982385617,26.442958971755367,26.869672743566237,-30.82424127944615
2001-05-18,-0.709697460054361,26.95015340932394,26.0854364766984,-32.1186140962877
2001-05-19,-0.9527963072653548,25.61266185690771,26.94640419384307,-31.253426734448283
2001-05-20,-0.8394515182197607,26.087557988605255,28.201146893627875,-31.141888849712675
2001-05-21,0.2903819347486928,26.95891358105459,29.523221320077255,-30.35963335880796
2001-05-22,-0.4172661828701526,28.244281487133946,29.549435989021813,-32.1906310857289
2001-05-23,-0.976581289621573,27.60137729186613,28.984467102819,-32.85136450146172
2001-05-24,-2.2814010769212762,26.245535920311607,29.2676057045714,-33.96329927301634
2001-05-25,0.30164538459289636,27.434484720460862,29.332039807373917,-33.59271786440589
2001-05-26,-0.3133940050154401,26.124917548568344,28.459242795880808,-33.002277118502626
2001-05-27,0.7337042960936985,24.942767117264747,29.00814129885888,-31.422433968794643
2001-05-28,-0.885965528010978,24.550997825899938,27.714885592683725,-30.498270891979846
2001-05-29,0.19905922858484681,25.773616393092126,29.565323273936876,-30.06320415448732
2001-05-30,1.2397156404925962,27.466191848965344,28.82187461572421,-27.97001578596709
2001-05-31,0.42709440379895036,27.031577564342815,29.0130805469016,-28.149719675630124
2001-06-01,-0.03487027780707702,28.008803892179934,28.677870297968663,-28.81743776070085
2001-06-02,0.07430917273252954,27.552813663989436,27.79388912743644,-28.998878634381338
2001-06-03,0.09562845023050097,26.11570717226834,26.754136417903723,-27.936995340009705
2001-06-04,-1.074180343248495,25.975990740631147,26.23955075848288,-28.932867401832382
2001-06-05,-1.2477616513653975,25.422441457446258,26.763920848069745,-28.42250930935895
2001-06-06,-1.5984317679252151,24.841637997929677,26.752703538667824,-27.871050611042858
2001-06-07,-0.6039522265451279,25.618473882979586,27.283558744537583,-27.3087450307084
2001-06-08,-0.6659558721198244,26.8320509386286,26.93888170116742,-29.091435860036057
2001-06-09,-2.5555913929518903,28.164199791530017,26.311492641235752,-29.37318756383089
2001-06-10,-1.8933576675739607,30.20732185788071,26.684164130727638,-30.14101185765783
2001-06-11,-1.7901054663459044,31.058892020153984,26.470606395683383,-28.818827084349863
2001-06-12,-2.8943432868151966,32.17697579640549,23.80384400092908,-28.719701686149016
2001-06-13,-2.429619965165848,32.308702440401525,24.979977089175417,-30.747823609249718
2001-06-14,-3.1814096118785162,34.436572869234396,25.4220839692503,-31.998448065489296
2001-06-15,-2.1946341326955667,33.41577101659117,26.481966211655315,-33.632770223522705
2001-06-16,-3.1351050728246603,34.82681196015907,26.203393749412022,-33.83144448715509
2001-06-17,-4.840982615196077,34.85458738385536,26.013741486438146,-35.21097448026492
2001-06-18,-6.043372175412001,36.17086499698913,25.367088725800897,-35.04320889440475
2001-06-19,-5.672474259482263,36.8478031915342,26.100179136621055,-36.701265936558826
2001-06-20,-5.735902101609342,38.64915510967247,26.151086419125583,-35.0916660333756
2001-06-21,-6.274636295555402,37.723735387078975,28.045604560204932,-34.874325227268514
2001-06-22,-7.070581947955088,37.35878091996467,27.483319710319456,-34.479264662916165
2001-06-23,-5.462270806296288,36.29207988321491,27.90365706162654,-33.87752160397925
2001-06-24,-5.918641935395382,35.364691606657516,28.843586143163293,-33.68181001056869
2001-06-25,-5.879560389069236,36.20426565856355,28.669277902443596,-34.681722420791566
2001-06-26,-6.448727624284093,36.659764677307614,28.117026805280066,-35.18374284096403
2001-06-27,-7.52241232173275,35.847608778238914,27.621525011186595,-33.84239680774597
2001-06-28,-7.322354619493363,37.212122606967284,29.273027813246678,-34.24777367234091
2001-06-29,-8.742541414627224,37.935949987067175,30.37878099605946,-33.57367113912676
2001-06-30,-6.327274656691887,39.74373314074931,30.468585959116112,-32.60651069973157
2001-07-01,-5.937664924701858,38.981415931153805,30.879806891138156,-33.20902847424006
2001-07-02,-6.777882978969631,38.72840191684588,30.14174080551261,-32.90836830556655
2001-07-03,-4.809501354849146,41.33373929194171,30.25649660481202,-33.38124600479397
2001-07-04,-3.655983207974528,41.71447659779188,30.421208376970103,-33.56115003272858
2001-07-05,-3.0587497559019803,40.267701544149126,30.13881814878981,-32.65668695902743
2001-07-06,-3.5212483010392854,38.69623493467324,31.10088853417033,-33.50839490550944
2001-07-07,-3.946532863000237,36.9686672110144,30.046438854539076,-33.80720094835504
2001-07-08,-4.451609646482176,36.39761135788902,29.338054719925083,-34.29401304734167
2001-07-09,-2.3047283120846545,35.9045597003148,28.066177467483634,-35.00731805435102
2001-07-10,-3.8444784353282846,35.96801468012154,27.4882786312848,-35.2697093331218
2001-07-11,-5.356087241841483,35.92298595048269,26.337541077330442,-35.737007489045446
2001-07-12,-5.011354713528215,35.9712230156666,25.587137983324645,-35.04172424588079
2001-07-13,-5.1784723341255114,34.851565502354696,26.048015773355235,-33.889249122988325
2001-07-14,-6.322977095226056,34.9163257001223,25.657508411499364,-32.54754133051814
2001-07-15,-6.612550299744397,35.18959625748613,24.994891948584012,-32.38900295492622
2001-07-16,-5.852144167282142,36.454419796718824,25.745112972601856,-30.45193348113501
2001-07-17,-7.368506155684114,34.16941093404535,26.004810633000147,-28.43717685498816
2001-07-18,-7.6793474919624565,34.804171896434546,26.030588756388163,-30.077825338821
2001-07-19,-8.138346215357279,34.552047797895156,25.91135361453392,-30.341729748215677
2001-07-20,-9.510554515582953,33.662270559286696,26.30325236458076,-29.326665077741122
2001-07-21,-9.890994605986052,32.77449433624479,24.231103173930737,-29.20955785820432
2001-07-22,-10.718601161244859,33.08104356722088,23.587883464324825,-29.531062151334872
2001-07-23,-10.930282223312203,32.608067382397884,24.860149665025848,-30.894575005812502
2001-07-24,-11.147908406179713,33.31010182165726,24.34445453054916,-30.200042852160603
2001-07-25,-12.317765607803096,32.23781551723849,22.690932431754717,-32.30643406398928
2001-07-26,-12.235467096986186,31.5180706624846,24.025387937995234,-34.17371947594227
2001-07-27,-13.254202179273163,32.03640494444548,23.868398781112752,-36.18844459180357
2001-07-28,-11.877909198519331,31.87134323578714,24.06664562851734,-36.957250461210116
2001-07-29,-11.321625740699123,32.124833383242915,22.29081062449594,-37.33572872689385
2001-07-30,-10.435720301957915,31.62569012192515,23.29334219098468,-37.9482749732622
2001-07-31,-11.460395362172566,33.68553012098506,24.665578758758304,-38.518772748111935
2001-08-01,-12.019304375539242,32.81323288007396,24.19224209187416,-37.16187645999756
2001-08-02,-13.830160212717882,33.888344732599045,25.838167503423414,-38.44725232147556
2001-08-03,-14.307922194043742,32.98121912191809,26.952203470973497,-38.228723088579244
2001-08-04,-15.22825939948141,34.84139503159724,25.627924677049446,-37.845914565055715
2001-08-05,-16.539544514067074,35.588890984079185,27.047911394080614,-38.417551427977486
2001-08-06,-17.126462963970148,36.042265062397064,28.110732783414154,-37.93139105685337
2001-08-07,-18.224769723237735,35.238847077002625,27.453940982648483,-37.67521144696199
2001-08-08,-18.962035114831444,34.98484721790702,26.174787513677053,-37.59459475569731
2001-08-09,-19.344177170428694,34.30335286905957,28.23422789242229,-37.540900363911966
2001-08-10,-18.76113204320784,35.16169130453652,28.283847382764844,-36.26629066159673
2001-08-11,-19.29838018999648,36.57433060836587,28.101822808516793,-36.619242947315755
2001-08-12,-18.89533213678037,36.787196332840644,26.30282833554135,-37.126596303488746
2001-08-13,-18.845818119267953,36.53789061281745,26.673953150451613,-36.458996284233066
2001-08-14,-17.06621043859076,36.86769545698004,25.678081197466902,-37.017159640755644
2001-08-15,-15.694823280028114,38.56798375636853,24.957024685547037,-36.913937153356905
2001-08-16,-13.548379369376846,40.481889027661005,24.998205670964136,-37.4605001059653
2001-08-17,-12.90280352960308,39.01582613830123,25.020169606941007,-37.93328164058653
2001-08-18,-13.954551915655143,38.78833427734015,24.647037343162857,-39.48486158653229
2001-08-19,-14.58267494517143,38.18664741804459,26.240818293130406,-38.64848505665622
2001-08-20,-14.911424447443618,38.942097648707,27.895710122603266,-37.3258168738667
2001-08-21,-15.921998129284992,39.60220787096696,28.120137649846445,-36.48524721536386
2001-08-22,-14.715278361075205,41.896224990101224,29.198536300197482,-36.92556636585679
2001-08-23,-13.075156250055826,40.58761693997305,29.927366739394426,-37.11608545034288
2001-08-24,-13.439711054435412,41.121829857286606,29.916007981787153,-36.98756985897711
2001-08-25,-13.420857738214027,39.67000819549315,28.479921509483617,-35.93911449220718
2001-08-26,-13.416813112887398,39.58702310377356,28.334143805992877,-35.37780672926249
2001-08-27,-12.147119148467826,40.157638955067995,27.529978583855478,-34.615361667806866
2001-08-28,-12.060752311171084,38.93431077405158,26.69258297757677,-34.03359532385712
2001-08-29,-11.363871811055324,39.381872027930825,24.41860088909896,-33.99436179852386
2001-08-30,-10.777601531148072,40.94508176318334,24.642094029767975,-31.910254161205508
2001-08-31,-10.863708740929022,41.60493338476982,25.812086438406478,-32.63091155145064
2001-09-01,-11.377191462493276,42.18623510764493,26.267980026459686,-32.69796970792777
2001-09-02,-13.599123351477962,40.95712564556279,25.86856615282834,-31.89912122585939
2001-09-03,-13.432141174859208,40.74044033331653,25.949016540561683,-31.851002245045954
2001-09-04,-14.13034770277473,42.35186794894568,26.651481854632884,-32.77962318480391
2001-09-05,-14.018161388888103,42.687409247617154,28.410671162114234,-32.7856641008306
2001-09-06,-14.431392449043823,42.09592651769174,28.260990728080824,-32.67901196854736
2001-09-07,-13.565357617663226,42.2221963900089,29.426306838326976,-31.541503097012022
2001-09-08,-15.04876246026293,42.71760263002587,28.96132787136358,-31.716590760461965
2001-09-09,-14.787532873345222,45.03829572404332,30.854376210121842,-33.43201657049327
2001-09-10,-16.367036225122785,43.588656632327414,29.23510481105334,-32.62432802075154
2001-09-11,-15.006291393849116,43.10291084817107,27.896485220249133,-32.59660976986965
2001-09-12,-13.49821907806092,44.36514834830101,27.763444546598972,-33.04125917652085
2001-09-13,-12.522917036997942,43.49653548701603,27.481374527816474,-31.90631618040282
2001-09-14,-13.214344386856686,45.10452219025801,28.327969354914128,-31.05057822367077
2001-09-15,-12.027606730350271,46.0344872500764,29.186783834568647,-30.521622989877887
2001-09-16,-11.927980665152264,47.00629828083228,29.551185093658408,-31.839571715415264
2001-09-17,-11.904036166099639,45.84681850778166,28.617964462009834,-31.35812059104609
2001-09-18,-12.322484910931584,45.28731782318978,28.543124767684667,-30.564308654380305
2001-09-19,-11.744931316354531,46.0088735362848,29.613649271685134,-29.74928448760514
2001-09-20,-11.65310190924001,44.37010811707136,29.111774836825994,-29.6451232522115
2001-09-21,-12.226325344600028,43.481252034657594,28.102760884856497,-29.905654022065136
2001-09-22,-14.142688719586909,44.63069572987825,26.68502389558882,-30.981567068887877
2001-09-23,-14.394254663357737,44.055681247637224,26.192387466672564,-31.33925971997136
2001-09-24,-13.73153975060023,44.354275153094704,25.97531204460072,-32.7706715329174
2001-09-25,-12.300839961821664,43.1654437583663,25.992531009661597,-33.798425229784655
2001-09-26,-10.930798520863107,43.50756866877897,24.337369655716888,-33.20450265583134
2001-09-27,-11.095624749770852,43.57352442706941,23.027651818995018,-33.45114239745864
2001-09-28,-10.677221157565638,42.52518537231061,23.882681829186176,-33.31200284602334
2001-09-29,-9.858079818934204,43.086906612898034,24.564749296070897,-32.6542282545688
2001-09-30,-10.399564040674157,42.86531583246755,24.722181030658042,-30.459509818984422
2001-10-01,-11.723440512619108,43.036306897123495,23.573463515338897,-31.01671708720611
2001-10-02,-12.276664004436109,43.7387299773014,22.580686268019356,-31.328819972966123
2001-10-03,-9.973201578164103,42.425786953920586,25.02186028156168,-31.54429381940785
2001-10-04,-9.536659703533044,40.98681486426286,23.745661318384663,-32.70473384439971
2001-10-05,-10.714752878754043,41.00357345834545,24.485379364680377,-31.68103122839664
2001-10-06,-10.243756333401338,41.158290325268474,23.951960284431436,-29.8189439351036
2001-10-07,-11.32669665223817,41.977301035528626,23.648158650481918,-30.338846898879883
2001-10-08,-10.428763553859348,41.30895875302393,24.21724917894074,-29.107635347829707
2001-10-09,-10.68548631585054,41.64335332254983,26.027548330188797,-29.20371915043653
2001-10-10,-10.437238680227892,41.835584943387985,26.359365481254443,-28.913524474353608
2001-10-11,-9.747784851277185,42.62480424782942,27.713315207585694,-28.938586475181626
2001-10-12,-8.928640877295212,43.538152776969206,25.94254254759069,-27.604911893724182
2001-10-13,-7.594964485764807,43.13331989977437,26.832408712737106,-28.37123838039891
2001-10-14,-6.605065034143925,42.59966287431091,27.5911279559156,-28.852002749436735
2001-10-15,-5.910305034769541,43.75701864901782,26.800483650443898,-29.624753277611806
2001-10-16,-7.7989414644726365,45.32392747975136,25.88899088301871,-28.430839055569137
2001-10-17,-5.508780250385216,45.91176859486299,24.888046944835413,-28.227940018290514
2001-10-18,-6.888840356221427,45.487882093613145,25.80192887754521,-27.29165587090378
2001-10-19,-6.378783957972224,46.67227343791738,26.075023735516975,-28.4222630475064
2001-10-20,-6.444303984358889,47.01553043746954,25.952974987180806,-27.685305666062135
2001-10-21,-5.812892351918219,48.095396282323044,27.351735982356367,-27.45144433848524
2001-10-22,-7.1428192509633535,48.43761573116761,27.695342167508503,-27.37495077825684
2001-10-23,-6.5678690252223255,50.36723745065794,28.55026096573292,-25.705839081634196
2001-10-24,-7.485164447757192,50.6157987962071,27.21539660920773,-25.519284641206124
2001-10-25,-6.747309417302218,50.567818611818716,26.06855015613586,-25.285226583796458
2001-10-26,-6.816255507155918,51.52943717359607,27.25054917267557,-24.454724745960686
2001-10-27,-6.3996015266020185,50.23438876264358,26.599483249096302,-24.27726863404565
2001-10-28,-8.181792406298863,50.3714217106524,26.525757979138778,-26.340112165348437
2001-10-29,-8.49886455156063,51.368525186755356,24.876605331717183,-28.001198101019305
2001-10-30,-9.556799693919638,49.70276472989872,24.940668296406695,-27.44601534110404
2001-10-31,-10.823563504702024,47.752235251461045,26.029952033312636,-27.903526488852563
2001-11-01,-10.117759546939277,47.15102960691907,25.695172085979127,-29.06536410910003
2001-11-02,-10.458240253145453,46.75588891835442,26.371513395522133,-28.0741290661604
2001-11-03,-10.778005312350825,46.379603449603586,25.37790809010183,-29.54663216614352
2001-11-04,-11.072906299625268,48.27800657739435,24.072107810044674,-29.881497387605272
2001-11-05,-10.636558405182706,49.71683424982107,24.643129153321013,-29.57502520190171
2001-11-06,-10.894547299623591,49.12983386960373,24.34725456827073,-28.49642707859296
2001-11-07,-10.593039648510148,48.070187894410296,22.410771739662568,-29.419356616726247
2001-11-08,-12.422610505943926,48.77039887724485,22.395187510473743,-27.430340575200887
2001-11-09,-13.294347931358807,47.86896784875697,21.485819904615276,-27.939196939424377
2001-11-10,-13.04713566643103,49.66056425621727,20.834270024773232,-28.02087714064381
2001-11-11,-12.014514186925643,49.12595230072541,19.858831157104948,-27.27465168716658
2001-11-12,-11.060094976081475,49.974044646821305,19.036530517319584,-28.142705267626507
2001-11-13,-10.705217222364627,49.328699141581346,19.446792342348804,-30.20263863331588
2001-11-14,-12.075489394386384,50.21195102898714,21.37018620974993,-31.429147611543616
2001-11-15,-13.328764843206235,50.209170515882015,21.445735505887033,-31.596673595344058
2001-11-16,-15.867592177142638,51.04453599609565,21.33109928129784,-31.76312356684216
2001-11-17,-15.725300971898797,50.969249084358175,19.275131606977823,-33.443109479659356
2001-11-18,-13.275824513201492,50.571330727902435,17.228385284868363,-32.81469113325028
2001-11-19,-13.428773863449235,49.635083062518596,17.36247915974112,-33.43220184061279
2001-11-20,-14.38759722080582,49.56682849850326,17.479446091663966,-33.80548661700791
2001-11-21,-14.86151214110428,49.60970409890606,17.937149551593556,-34.127333099667744
2001-11-22,-14.859519105745598,50.89045083434755,18.351524927346272,-34.05009926864853
2001-11-23,-15.672656964865109,50.11050180199411,17.805399247805664,-33.18005067500087
2001-11-24,-15.200379683893642,49.00218523249896,17.021236437946722,-33.91860411094943
2001-11-25,-14.292932449465036,48.80397887042907,18.3361990165876,-34.07445139852368
2001-11-26,-14.728244280692115,48.99373740358304,19.99178700555036,-34.26716514243969
2001-11-27,-13.88882869634472,49.202679300347135,20.315827138636333,-35.11966005415009
2001-11-28,-14.0816830682568,48.499463182391146,20.2342667099428,-35.59012725289046
2001-11-29,-14.420367692886073,51.85031236716674,19.409874477791725,-35.36109173650291
2001-11-30,-14.899316346390044,52.58455202037358,20.58768295621158,-34.931004890552295
2001-12-01,-16.07693232200017,55.259528943007396,20.586307123404186,-35.12452086748503
2001-12-02,-16.371901365897067,55.01136004063093,20.604378395486634,-35.65556425015901
2001-12-03,-16.44264435686983,56.81145920319407,20.96404220450971,-37.97343730130236
2001-12-04,-16.77087556169589,57.1233489217885,20.50960123178402,-38.73220454275487
2001-12-05,-17.862226485491583,58.71500203979531,19.772367101433094,-38.095891203468426
2001-12-06,-17.899683102931718,58.44510210948207,20.512764225983087,-38.20724643514807
2001-12-07,-17.75321371671819,59.303786171263155,21.08664306957855,-36.857375961576565
2001-12-08,-18.044014380320633,59.56497476843555,21.18794457365326,-36.94140757519945
2001-12-09,-17.463695630163915,58.94440877825158,21.61008568152204,-38.45732301783282
2001-12-10,-18.670986614225704,59.237557955828635,20.410827496564966,-40.06290102349901
2001-12-11,-19.028230684207056,58.713895374991914,21.310567283596804,-40.8030992180649
2001-12-12,-19.19330449155923,59.2494083250041,21.627227147896033,-41.10804288818672
2001-12-13,-19.314085284827016,57.17976408588061,22.50791690354348,-42.09849511737337
2001-12-14,-18.563504388322226,56.76885234806267,24.489127795263148,-43.12842054361869
2001-12-15,-19.24892103323696,56.43794320710438,24.18199133255207,-42.903409481900624
2001-12-16,-19.303979459605575,56.682159576998615,24.290374231602076,-43.322098451867205
2001-12-17,-19.730119501575356,56.8132681749125,22.796417823524553,-41.95182664707128
2001-12-18,-19.493993120985365,57.41499755773398,21.72132950793908,-40.638636389818096
2001-12-19,-19.400451302299984,57.15820649082848,21.08460808113419,-39.928163809474526
2001-12-20,-20.200021403042708,56.007171381467586,22.080739280932804,-38.9957173464722
2001-12-21,-20.725019474086782,55.37096550825833,21.533434749410517,-38.78371014434549
2001-12-22,-20.54251779558776,56.03900848613023,21.820384381807948,-37.25987912436557
2001-12-23,-19.61757579802362,55.34123090391221,21.214904691052876,-37.86283206416417
2001-12-24,-21.531986683202078,54.78677683411615,20.63292313074686,-39.80571052754543
2001-12-25,-22.11016625523691,55.521242523383094,19.981792758172833,-39.53586168139514
2001-12-26,-21.539887669744893,55.416729910479866,21.265734544396054,-38.915732201626014
2001-12-27,-21.493298773499685,56.02487676429862,20.82633520519306,-37.84261439694298
2001-12-28,-21.859839927572562,56.64174893012466,19.862586251904137,-36.140734230981614
2001-12-29,-21.120997778900527,56.10785346932079,20.66990396292739,-34.87900199170505
2001-12-30,-21.47120208944103,56.042449237201474,20.024634050214292,-34.85353445939025
2001-12-31,-21.42620479793201,55.65734642710297,19.366547522645057,-35.11047584830021
2002-01-01,-22.64316099406452,56.79805105071259,18.999223172015142,-34.15890645848856
2002-01-02,-22.778769013828494,56.156975796228934,19.050346020479765,-33.93151445748467
2002-01-03,-20.81233472435586,55.42932473531955,20.894777398932444,-34.454086411818636
2002-01-04,-20.134089646402924,55.00150280780301,19.964866062602336,-34.88647716517583
2002-01-05,-18.061830397925863,56.62963873982768,19.511464391121613,-34.53682379238931
2002-01-06,-17.629416811490827,57.19517391996061,18.974157590493284,-35.035428565243826
2002-01-07,-18.315999233733745,58.62229562785326,17.81990589698584,-34.98800760955622
2002-01-08,-19.135589772401968,57.15304271932858,17.927953761915436,-34.97375205419092
2002-01-09,-19.401707481029266,59.66435186513862,17.469935011518757,-35.1598920211936
2002-01-10,-19.593952418337853,60.238542700587736,17.167250553161427,-33.85462459244752
2002-01-11,-21.501730997077665,59.84724591753332,20.278910467096445,-33.57685915563829
2002-01-12,-20.099177461547757,60.61060286721789,19.31787232629369,-33.77936840848549
2002-01-13,-20.941723910125944,60.55436091386792,18.33778701471704,-35.39776903757314
2002-01-14,-20.71456375748881,61.45515667237215,19.042442357371165,-36.82129702273748
2002-01-15,-20.96224377736353,60.82587989081293,21.23165817189573,-37.533834315963674
2002-01-16,-20.194616168365876,61.24924074684533,20.728720739187175,-39.00300373325331
2002-01-17,-18.544995448804073,62.024654974212865,19.190275886032026,-39.070984423880184
2002-01-18,-19.879757977717254,60.62189812141739,17.51805498845896,-38.58488107271775
2002-01-19,-19.6954469714646,60.18656311069099,17.35018938657572,-38.0378413471304
2002-01-20,-19.571937207470985,59.70161700492141,16.912221280283955,-39.127005403940096
2002-01-21,-18.764295417399772,59.3516885141864,17.576248247191224,-39.51477441646553
2002-01-22,-18.29586580180333,58.207870258736826,17.5844023665808,-39.70741328875639
2002-01-23,-16.94378930424576,58.36544700131678,17.3143020030092,-41.624955719417024
2002-01-24,-15.62927835741714,58.11560348857867,18.209066511443492,-42.04963951805018
2002-01-25,-15.923347762399784,59.23439764895019,18.63982022256411,-41.94656772543708
2002-01-26,-14.965588962041384,59.475310868208425,18.119295169776215,-43.38754122593096
2002-01-27,-14.044098442400452,59.931902576115945,17.08077372224537,-43.567971266210414
2002-01-28,-14.464447062359099,58.639748940380464,17.86572738673745,-42.00356678304143
2002-01-29,-14.653047444746885,59.529428315126474,17.304149846250628,-43.482943604914965
2002-01-30,-14.120363984547682,58.79924545706428,17.583004201627105,-43.408759152904395
2002-01-31,-13.692255812469554,58.10975888774588,16.869172939192968,-41.792698620445165
2002-02-01,-12.669050790110898,58.37578678075033,17.34765566085284,-40.225344820096716
2002-02-02,-11.759477385741526,58.64793715046359,17.37517468180813,-41.117948221416505
2002-02-03,-12.987325980921053,57.977654973826624,18.38398083837499,-42.43406516952054
2002-02-04,-13.521466852495935,57.601481147345865,18.226077927729424,-41.873083969375095
2002-02-05,-13.77464593086649,56.56939393571491,20.162637201659695,-42.8214738503868
2002-02-06,-12.904486591738834,56.2889317269929,20.036726950161803,-41.77371178320036
2002-02-07,-13.648550676562476,54.650736166253225,20.360067568229613,-43.536127526557216
2002-02-08,-13.293080283132415,54.57349843813046,21.140181074806144,-43.802163018304554
2002-02-09,-14.142238829927388,53.53304562333931,21.328832086405882,-43.45872581702462
2002-02-10,-14.240836120701452,52.145081975892765,21.552834843359452,-43.679249956361886
2002-02-11,-13.874719790304795,51.14899111444907,23.229991818748978,-43.88741932839856
2002-02-12,-13.9661968843586,51.58296695888205,22.371470071393937,-44.21029723377302
2002-02-13,-13.100684305684613,53.04962722099763,22.585816593627055,-43.09751985601434
2002-02-14,-14.06227621094086,52.40677248967768,23.648142634989522,-43.37799149871994
2002-02-15,-14.626597008137297,52.21414913534608,25.46973821422001,-42.56767035954695
2002-02-16,-15.096593381744379,53.310987098064935,26.734436760433898,-42.73028142080339
2002-02-17,-16.34030117430151,52.94171861284109,29.118179430341762,-42.1193626899689
2002-02-18,-15.663615114983468,53.12290046502944,30.062995037747083,-42.11022257873224
2002-02-19,-14.761775641598513,54.12918017317273,27.996308820424197,-41.2986934633254
2002-02-20,-15.154703096913158,56.922577431335945,28.553457111742063,-39.24308491431901
2002-02-21,-13.97837032646202,56.31476382407663,28.19562370850998,-37.338031143644656
2002-02-22,-12.939491470006132,56.724974546116094,29.87987889350152,-36.298883540270545
2002-02-23,-14.027166879824865,56.6101653460691,28.67193023641166,-38.983646617715365
2002-02-24,-15.527897318241147,56.0322891583043,27.43081431104107,-39.4068078444288
2002-02-25,-14.13747018686973,55.93192085759517,28.81441605893766,-40.300201869324354
2002-02-26,-14.348665219604326,56.803613206045846,28.92372896805712,-39.8214094641147
2002-02-27,-13.174519970124726,55.97170603858521,29.814392937619125,-39.72720445648369
2002-02-28,-11.839645581598305,56.55947973986675,29.04867986647383,-39.12696830554112
2002-03-01,-11.68069513316337,56.69801377018444,31.0688446818683,-38.92881279121707
2002-03-02,-11.83488534341355,56.243252080519895,31.840669671448307,-38.461150798509124
2002-03-03,-12.286354952389194,55.26891895543281,31.308832780167005,-37.59181624113438
2002-03-04,-12.415430361286237,53.09211098003626,30.546379696153707,-37.69564746286181
2002-03-05,-12.85105338628022,56.45247845338233,30.703249874788856,-37.69991436263946
2002-03-06,-12.564138824647067,56.85404058035339,32.40922304793412,-38.04862355004569
2002-03-07,-13.348170038036885,55.06529003856134,32.02700386222438,-36.23661768975519
2002-03-08,-11.090496496846619,54.30946498849616,32.62592261590771,-36.040926868139636
2002-03-09,-11.878684520567804,54.62631131687722,32.83597712836495,-36.16024953077344
2002-03-10,-11.461853270439388,55.83135812560158,32.55392594882582,-35.02731583509675
2002-03-11,-11.016451171918746,56.065863045415824,32.725570989530766,-33.789393804177735
2002-03-12,-12.177912345265081,56.39349071015241,31.71745705339174,-35.73860989019024
2002-03-13,-13.147300397652781,56.95933363379958,32.175013752648425,-35.21330908242644
2002-03-14,-12.345606938588444,56.34453268465758,33.855857457096896,-34.64536184943811
2002-03-15,-11.329896301837637,56.94220833081581,33.05247928515531,-34.68014869582709
2002-03-16,-10.788998729227652,57.43706675765298,32.741396362735394,-34.41591444618346
2002-03-17,-9.7140294043676,57.18857336984586,33.12924387775585,-35.093491550495756
2002-03-18,-8.634529347227932,57.592962452586306,33.750337486109785,-35.17925765105286
2002-03-19,-8.601460366159985,56.49088431149654,34.31832131137457,-34.897021584006964
2002-03-20,-8.903883296129482,58.772849670221966,33.40615191776789,-35.002823738366466
2002-03-21,-8.053699541851119,59.989469619746295,32.40582967216653,-33.938078821398605
2002-03-22,-7.2614989098836205,58.84296154766986,31.418785110858707,-33.637252641403364
2002-03-23,-7.199999340682565,58.7620514477452,32.5601461701939,-34.283226738379945
2002-03-24,-6.92610546798584,58.06472841077327,31.825883488052003,-34.21156979721092
2002-03-25,-5.715707613486335,57.158907247514705,31.459346484554693,-32.88969193811569
2002-03-26,-6.114946920432805,57.673003942553066,30.60652946124549,-29.98463314550682
2002-03-27,-6.848261906721622,56.03452150755411,31.46887438226666,-28.704893361307786
2002-03-28,-5.435619860768288,55.114605976950806,31.45855723324659,-27.38520133538178
2002-03-29,-6.831856866667726,56.419923175359195,32.065907106933025,-26.193033393215277
2002-03-30,-5.690557625486423,57.04523755944846,31.219405494667924,-26.336174950216524
2002-03-31,-5.962505779004403,57.77878935570996,30.569858729728946,-26.588147684048398
2002-04-01,-5.560059516340273,56.98124987630979,28.454119291031933,-25.92176798847042
2002-04-02,-6.012524445481484,56.39183760763833,27.118955372941564,-23.92327484670733
2002-04-03,-5.799382630242543,58.46704464091742,27.82464078999399,-25.051423787835223
2002-04-04,-5.199309833018533,59.88245478401431,28.200482609605675,-25.828112723229317
2002-04-05,-5.770580504210051,58.74501782600013,28.635038792205933,-26.471153990771693
2002-04-06,-5.187506829804964,57.90180688426723,28.83557931528012,-27.623310233423446
2002-04-07,-5.58395418617133,57.87616319180085,30.171879734439752,-27.715434771487157
2002-04-08,-4.697238315210421,57.06563581288129,29.370809918878283,-27.486490717724372
2002-04-09,-4.540173684600868,59.67687038707006,29.937362512675847,-29.165194261897724
2002-04-10,-4.531334573320774,60.221726711966646,28.269360003940484,-29.418493221172387
2002-04-11,-5.369125189373397,59.59486067391539,28.88780204911122,-29.86408606219055
2002-04-12,-4.511839486145612,59.93505432212926,27.274118867159142,-28.206162893697744
2002-04-13,-4.268533060171565,59.433302056322916,27.442484814742013,-28.970604519444944
2002-04-14,-4.300100696900289,59.63608343700934,27.520616822904444,-29.920954592722307
2002-04-15,-2.0904422175494752,60.4911989484523,26.39495514109083,-30.575200466065187
2002-04-16,-2.3625110175912534,61.96343668102916,28.422743446980125,-33.79811712086786
2002-04-17,-3.209308219042237,60.89212279157064,27.01327086088715,-33.65125018185693
2002-04-18,-2.7376676753245355,60.055633211058556,27.114847197489762,-32.96747523343542
2002-04-19,-2.318789730450883,59.82287560015146,29.548240793906157,-32.79096506692149
2002-04-20,-2.073978962353595,59.12712546645415,27.814567853264794,-33.64067745332883
2002-04-21,-1.8905965523161508,59.17673448895128,28.942285160094343,-32.40859748027501
2002-04-22,-1.657921337818483,59.86173484467361,28.939395337231765,-33.05124985286669
2002-04-23,-2.392746139440619,60.917410169985004,29.4404094427632,-34.57322843419308
2002-04-24,-2.9674094716791855,59.713481396626804,29.37743135639906,-35.31904690178433
2002-04-25,-3.536120979171524,58.64503925648174,30.27831285603906,-34.66711570563288
2002-04-26,-4.496929252880848,59.999517784412966,28.964347963322943,-34.639142765227135
2002-04-27,-4.018454916918364,59.70573128493702,30.520090144973345,-35.71922651115008
2002-04-28,-4.339982255487542,58.74814575023507,30.826496358879186,-34.781890047243586
2002-04-29,-4.635340889312572,59.513367382160624,28.876675436584453,-34.8535424016331
2002-04-30,-3.1573273393007755,60.31580068309103,29.104106298755536,-34.661663083981566
2002-05-01,-2.506501029986917,60.077335250198566,29.31670581699774,-35.393894917948764
2002-05-02,-3.017354685925576,61.233494861140386,31.1880611643003,-37.00781957798627
2002-05-03,-1.919932321767017,60.97132446385958,31.750635545646205,-38.62872810447465
2002-05-04,-1.0783012847922686,60.47938591651726,31.813398893970277,-38.828174935940076
2002-05-05,-1.4628716948903637,61.07916992341059,31.76412513105121,-39.21316176024793
2002-05-06,-1.3998609905376485,62.586222004451436,31.12307375172335,-37.33873630863933
2002-05-07,-1.2347786488445875,63.91856712156368,31.904538771372426,-39.92363261060769
2002-05-08,-1.720487226553376,64.5762231874193,32.14929712456196,-39.554317558611395
2002-05-09,-1.5804145338303577,65.96989274379347,31.19480050535471,-39.488882152324756
2002-05-10,-1.8762898514395232,64.50711272111084,31.72057525957573,-39.3286114054229
2002-05-11,-0.7490352742955109,64.62316833460531,31.50005742694357,-38.13478989336452
2002-05-12,-1.485798527825391,64.56899725691065,31.25258095489749,-37.58308885362329
2002-05-13,-1.586931162699414,63.38754988829661,29.86546381985415,-37.74649847836166
2002-05-14,-0.946525988888158,62.046409305307336,29.326652522970413,-37.80899576210696
2002-05-15,-2.29244415516901,62.988957029822075,29.45979156217207,-36.65158392685497
2002-05-16,-0.5487771422110297,61.384037867428745,29.952412390039296,-37.51990822465162
2002-05-17,-0.6958696456381197,61.968315548971304,30.19006929357531,-36.850626695463966
2002-05-18,-0.7997612669434471,63.301116737706984,32.33175963143404,-36.25172483454521
2002-05-19,-2.4635767948450473,63.17839566567428,31.47764719582573,-34.54564133226906
2002-05-20,-1.3741919227317934,63.16002982017003,31.676458792529107,-34.44475184703237
2002-05-21,-0.3102037529166759,64.09758494547886,31.166339461822247,-31.647226949112348
2002-05-22,-0.0030999641465276895,64.03350328631652,30.501391311122344,-31.289356433669994
2002-05-23,-0.4921620664337957,61.696391965520974,30.152951803186998,-29.71702614743907
2002-05-24,-1.0368926715707396,60.98471788133352,31.08604732636515,-31.918143744876424
2002-05-25,0.3520799877983647,61.00918369482814,30.73392647936699,-32.27228227347015
2002-05-26,-0.4752532299474821,61.24177532052648,31.759793232905245,-31.770001680023544
2002-05-27,-0.49708052049118695,63.97564854872695,31.35067704483217,-32.89976145051382
2002-05-28,-0.6472703135963637,64.75486054000052,30.807314222323587,-30.92960763189717
2002-05-29,0.04633891046234273,64.39017810836981,31.653465082132694,-31.07802596836418
2002-05-30,-1.0627715593844358,64.84510018286004,31.579430783915786,-31.6197204860645
2002-05-31,-1.412675194626508,65.64442577446965,31.612295695559396,-31.95215492166184
2002-06-01,0.4027177220141196,67.11219609800636,29.306228458590144,-31.19791016411717
2002-06-02,-0.4956016461534072,65.87570451462035,28.264543616732396,-29.80916159790726
2002-06-03,0.6766473694970807,65.0259458969356,27.89384069907569,-28.873482254476336
2002-06-04,0.41241739719023873,63.94330607815388,27.605834538727283,-28.910130128606376
2002-06-05,-1.0631460078640476,64.58817072185941,26.929946229916727,-29.563446170322262
2002-06-06,-0.08647181355898381,64.18628000295095,26.319604615043737,-29.421121540702472
2002-06-07,0.8419193637759524,63.83278735222965,28.933316648900746,-29.987835630400753
2002-06-08,0.20531918367591973,64.98498775937749,26.668360292764024,-30.6609380437409
2002-06-09,-0.6743865835543037,66.24366426792052,26.127546272039645,-31.875704834133327
2002-06-10,-0.3561310776213009,67.18023867600503,23.837815831586404,-32.66076918333556
2002-06-11,-1.6480655301963236,65.85028981167517,21.647484295772436,-33.93865587958188
2002-06-12,-2.098384412343738,67.6459174946971,19.50962167915313,-32.929530083661916
2002-06-13,-1.5092854255909782,68.98040254950476,17.225984158429682,-33.02889686165331
2002-06-14,-1.5664689821265592,66.37442520238712,16.451099354502254,-32.82902805494375
2002-06-15,-0.6926229248885655,67.14085109182815,15.4142159238171,-32.23987577430933
2002-06-16,-0.4691812003464888,67.00946994104727,14.448360864087483,-31.669055115898782
2002-06-17,-1.6428953645954092,66.31853912011246,14.095763630025788,-32.265086605449625
2002-06-18,-1.4500063543636172,65.63630869387289,14.475031729973388,-35.23140706178832
2002-06-19,-0.624218935888776,64.40824968117933,15.288306604704195,-33.99143815665024
2002-06-20,-1.0055175323698986,65.6089272248617,15.815296624615518,-35.351977222504736
2002-06-21,-0.6086132627975172,66.0604421163833,15.181674141303041,-35.882875587115564
2002-06-22,-1.8284482099902069,67.36090956935475,15.345971796670442,-34.92272833431173
2002-06-23,-2.078755583138867,68.59694530024643,14.622260202314404,-34.59400756324112
2002-06-24,-1.1748546388072116,69.01139476748533,14.665088997059343,-33.862685379258465
2002-06-25,0.3868429228235881,68.51093950329147,14.738345253843292,-34.36106531782207
2002-06-26,-0.005093652537103532,66.78301219969306,14.07809608881253,-33.752257197885
2002-06-27,1.0578822189064838,68.89905153908502,13.813906422464159,-35.44172128676368
2002-06-28,1.4120695895016788,68.78462508342818,14.333422030484389,-34.787887358497116
2002-06-29,2.100049083676976,69.28228811370899,13.655830144902922,-33.92258749947816
2002-06-30,3.4220253943090606,69.35475546391066,12.89525827556737,-33.70288546743265
2002-07-01,3.306358612894945,66.66824498169152,12.517235568652403,-33.55253139946121
2002-07-02,3.0261582763348316,67.16098570035655,11.109440930087494,-32.2017384848372
2002-07-03,1.639146684241413,68.05833884370927,11.08848230934033,-31.9287780870841
2002-07-04,2.6213759554458775,66.01084870459951,10.755257406987667,-32.31929903848192
2002-07-05,5.113409102145795,69.56424962055966,12.625305775329801,-34.31563155021199
2002-07-06,3.1419539718024287,69.19042564715926,12.674026664198244,-34.35599568530135
2002-07-07,3.2634134722759875,69.9093843407758,11.930849446437863,-34.370792475767786
2002-07-08,1.9621945695225338,68.56739079903893,11.775998011923352,-33.9055635277068
2002-07-09,3.168637019689794,66.49759685279824,11.876210419602714,-33.74554177641937
2002-07-10,3.7129833824801604,67.61169523535496,10.994397417505208,-33.86227038918641
2002-07-11,3.879438331943941,70.2196028087592,11.028836518227324,-33.74045283331748
2002-07-12,2.192295863736623,70.34660159114847,11.168262117441405,-33.835323811767445
2002-07-13,2.2100915654483635,68.71992922170622,10.588870431251593,-32.645971701755634
2002-07-14,1.980628513171979,68.64029895529318,9.5014442581305,-32.79143834947126
2002-07-15,1.9126284882661981,68.84592628229102,9.292693942113866,-33.082721974573566
2002-07-16,4.404761927636797,68.63337022405341,9.446456992302075,-32.50798423116793
2002-07-17,3.255949752897334,68.99358679476559,7.271789900256662,-31.65748038799115
2002-07-18,4.339808357036832,69.35746137622729,7.686500310251566,-32.29801681375617
2002-07-19,3.3067357956568233,71.48490671249625,6.738741086687147,-33.110720166356195
2002-07-20,2.5050574075684606,69.92477924367827,7.76934021042735,-35.06880781628444
2002-07-21,3.3660744813271237,69.10900683855878,5.647913778373638,-33.90580216870663
2002-07-22,2.465440442212151,70.00324550238777,5.600300236109146,-34.94225585808558
2002-07-23,2.8942368158174308,69.15392759939877,7.504556392501099,-35.757030052520165
2002-07-24,3.3566386445509746,66.30881604176332,7.000312624773238,-36.92239926267817
2002-07-25,-0.10734425424116134,68.56706265508545,7.266279975372013,-35.796696977042686
2002-07-26,-1.0265641100177698,69.06592640681939,7.421014037422131,-37.18659193467915
2002-07-27,0.24775511817977125,67.07044687967993,9.14557789727897,-39.257209153160524
2002-07-28,1.218339391462206,67.51322117648256,10.564371878200657,-39.18139783426891
2002-07-29,0.3430695351377262,67.20933796375728,10.078550662172153,-39.87222891706135
2002-07-30,1.1274540270203537,68.22058293574614,10.132026421833546,-40.85301623825061
2002-07-31,2.6792076522186927,67.09527454614943,10.929934060552867,-40.32702879405483
2002-08-01,1.8238197937089278,66.75137026151982,11.411627632087598,-40.05718327563969
2002-08-02,2.6930307889948555,66.40927977305378,12.247220590333107,-42.006131339250516
2002-08-03,5.259675167753972,67.30502291557016,12.977279002307428,-42.05391865100243
2002-08-04,4.654881347273208,67.79172889058157,11.568035230082899,-42.01047885797642
2002-08-05,5.213774242928513,67.64547125808961,9.426057189361106,-42.320839887035866
2002-08-06,5.356889836617205,67.61564824287738,10.44490357235889,-41.60045919458575
2002-08-07,7.9127039543186,68.22912100593557,10.757072729519715,-40.946762082834304
2002-08-08,7.211608051123866,68.58232017847114,11.00316163146371,-42.52394706068501
2002-08-09,5.588646005231802,67.89207680954209,10.788802580569849,-42.23129958908916
2002-08-10,5.240879192333366,68.65119744797913,9.863068455026363,-42.11883874948311
2002-08-11,4.048544917265772,69.3954144640249,8.6683545209902,-43.16723713739631
2002-08-12,4.0396426131060865,68.64096542769485,9.561228642757357,-42.84801305243791
2002-08-13,4.333318226933167,69.58625107796031,9.372373067304979,-41.723170006846
2002-08-14,5.382482599394656,68.75776599803838,11.29704146942907,-41.96372466408032
2002-08-15,4.038582421024484,69.58072382860041,11.793462093696975,-43.38315006618713
2002-08-16,3.990414794879609,68.63075311747187,11.71355830344309,-43.37126884014492
2002-08-17,4.374872166289739,69.47823111662761,12.160787252390003,-43.10767894600431
2002-08-18,3.897848886521777,68.88499316598586,12.452083453984802,-44.54639824616171
2002-08-19,5.4720224342894825,67.76182132974982,15.290370607998426,-43.42313371235979
2002-08-20,5.692545475318684,67.96388255020071,15.180875338754065,-43.36179292580534
2002-08-21,6.100121539020238,67.58809252543061,13.175731655568477,-42.63304981878928
2002-08-22,7.154053191638095,68.89918729165038,14.05977570330905,-42.680794770775165
2002-08-23,6.238706335851296,67.23522652085498,13.640544302284425,-42.24465444166401
2002-08-24,5.153055618937655,67.61892082139217,12.596707147474087,-42.64144273844809
2002-08-25,5.437655436692501,68.09542398164504,12.395391495546026,-42.771186043888314
2002-08-26,4.154183216323423,69.16782661098473,12.962666666598656,-42.9373439165328
2002-08-27,4.013309441800852,69.57859800337694,13.272358089376679,-42.64815884170318
2002-08-28,4.378383077539951,69.8335745777063,12.78093692840588,-42.509807053765606
2002-08-29,6.025521922132228,69.86334496008655,13.53748579094815,-43.21649660370728
2002-08-30,6.0128324276148355,69.19047446894594,12.65689275622705,-43.77500340358673
2002-08-31,4.36788829708652,68.05159741175731,12.932662965301994,-43.922736415097276
2002-09-01,4.046356750919079,67.58576876092495,12.576847951550045,-43.132436706054705
2002-09-02,6.040610636228717,68.52387078946278,12.576751007118567,-42.34908336270547
2002-09-03,7.7217770367785326,67.62354784079479,13.386000032333932,-41.8567088138373
2002-09-04,6.538478720477777,66.81433188157291,14.993863867599448,-42.73496697813858
2002-09-05,6.633901551594875,65.9934673376273,15.187314654441696,-43.74343112710974
2002-09-06,7.961728498109358,65.56492012946275,13.278398344831128,-43.587532479155605
2002-09-07,6.841015760238179,66.9150141322005,13.496335569229402,-44.27480907108752
2002-09-08,6.579621878226358,67.08529237766899,12.919587435185589,-45.02807473208503
2002-09-09,5.622881250352202,67.28503924884392,12.664394474301973,-44.006246274937055
2002-09-10,5.486819416537321,67.02930895603754,12.46568178069722,-46.11696505394323
2002-09-11,5.655446109290858,68.0082960527321,10.655555829433823,-45.804673192035374
2002-09-12,5.6999290186065075,67.52839442611288,10.13098725378438,-45.85560463134502
2002-09-13,5.886083077366942,68.12879427629662,8.564865608487485,-44.904325397707474
2002-09-14,4.9025871606427405,64.02502288696438,9.230740373812994,-44.589818075056655
2002-09-15,5.135428839346414,64.39672708080398,10.053123519835877,-43.34154434995315
2002-09-16,5.485155164791735,63.56870935644986,9.445798263610726,-44.95676233720024
2002-09-17,6.299211914511494,61.55422321410517,9.008180248644994,-44.651390349507146
2002-09-18,6.234483458921181,61.04209691039659,9.440128185098622,-43.890858547044715
2002-09-19,6.037641194220688,61.61133204176061,9.175182500829694,-41.988743120186584
2002-09-20,9.236896241674634,62.27883403381331,10.444104149915496,-42.089879036796845
2002-09-21,11.181309967950185,61.66404785704294,9.25196152400441,-40.646884987874515
2002-09-22,10.94020273217135,62.553884673713966,9.33517142886688,-39.313326191117675
2002-09-23,11.244854388276357,63.8254497646159,8.895745323874928,-38.3496244838159
2002-09-24,10.844720361190351,64.23416240544475,10.024379561535232,-38.61547005184268
2002-09-25,10.434399251630778,63.6685050568752,11.509074791132992,-40.835779532481965
2002-09-26,11.250801527980487,64.31524166901747,11.901361860263368,-41.68010880885081
